{"cameraMode":{"drawMode":0,"name":"Shaded","section":"Shading Mode"},"sceneLighting":false,"audioPlay":false,"sceneViewState":{"m_AlwaysRefresh":false,"showFog":true,"showSkybox":false,"showFlares":true,"showImageEffects":true,"showParticleSystems":true,"showVisualEffectGraphs":true,"m_FxEnabled":true},"in2DMode":false,"pivot":{"x":10.21226692199707,"y":0.7525043487548828,"z":6.1574554443359379},"rotation":{"x":-0.5216164588928223,"y":-0.03756750002503395,"z":0.023038791492581369,"w":-0.8521008491516113},"size":29.46277618408203,"orthographic":false}